mean_kendall,mean_mae,mean_rmse,mean_spearman,mean_top_10pct_overlap,mean_top_1pct_overlap,mean_top_5pct_overlap,num_graphs,split
0.534909770764864,0.2727220914185987,0.32932987130454017,0.702599699757153,0.4004600968320121,0.05,0.33077512019236155,5,real_external_test
0.6134619408927553,0.13706588307889997,0.17292206816476183,0.8030124040321769,0.6042832411570216,0.28389049222382556,0.5350837178883231,18,synthetic_test
0.5869564261576976,0.14606867029197523,0.1805436459809561,0.7766064987189056,0.5664155879272145,0.25586860670194006,0.46578703230747326,18,val
