method,mean_auc,median_auc_rank,mean_auc_rank,best_auc_count,mean_gcc_0_5_rank,mean_elapsed_seconds,method_id
M5 max edge betweenness,0.24389764749677484,1.5,1.875,4,3.0,55.88337016105652,M5
M4 max E_i*E_j/E_ij with Louvain,0.2531659571732886,2.5,2.25,3,2.0,12.255666375160217,M4
M7 max C_i*C_j/E_ij with Louvain,0.2617643639196981,2.0,2.25,2,2.5,12.617009907960892,M7
M8 max (C_i*C_j/E_ij)*(k_i*k_j) with Louvain,0.2726637073863033,4.0,4.0,0,3.375,12.254355520009995,M8
M6 max E_i*E_j with Louvain,0.28600881087582214,5.0,5.0,0,4.75,13.040245473384857,M6
M3 max C_i*C_j with Louvain,0.2936314831387873,6.0,5.5,0,4.375,13.405651360750198,M3
M2 max k_i*k_j,0.6506493893594061,7.0,7.125,0,7.125,5.104721546173096,M2
M1 Random,0.7168341481264116,8.0,7.875,0,7.875,4.065423518419266,M1
