dataset_group,source_budget,graph_count,run_count,mean_normalized_auc,median_normalized_auc,mean_runtime_seconds,mean_boundary_source_fraction
realworld_completed,16,12,60,0.11739641681924112,0.0665194748887139,22.63367170167039,0.2343229220740112
realworld_completed,32,12,60,0.11327192185167875,0.0662643043598216,23.100746670003478,0.21665980167863702
realworld_completed,64,12,60,0.11066556207682278,0.06637677288677415,27.64153114167566,0.20327149127624317
realworld_completed,128,12,60,0.10982081256474183,0.0663102592418022,35.401917015002496,0.19237077055873478
synthetic45,16,12,60,0.27971012287752495,0.3013479093991974,1.0851881383336148,0.43433773099766937
synthetic45,32,12,60,0.26743354357757876,0.28245172566490817,1.1977623066612675,0.3972054508242195
synthetic45,64,12,60,0.25885218849250824,0.2689327321084023,1.4893280666622255,0.35964160067456424
synthetic45,128,12,60,0.2554580735554011,0.26281835781072554,2.2183363633337043,0.3209475217265848
