graph_id,Adaptive-SASB,SASB-k32,SASB-k64,outcome,sasb_minus_m5_normalized_auc,adaptive_minus_k32,adaptive_minus_k64
bio_celegansneural,1.0,1.0,1.0,SASB_better,-0.021755418869012944,0.0,0.0
bio_diseasome,0.30793766149870805,0.30793766149870805,0.26548772609819116,SASB_better,-0.002579085427922637,0.0,0.04244993540051689
bio_grid_mouse,0.5634745048461863,0.4677201854193005,0.5904551201011378,SASB_worse,0.010243886712768178,0.09575431942688584,-0.026980615254951434
ca_csphd,0.12243089430894309,0.11972764227642277,0.12232520325203251,SASB_worse,5.799406028575774e-05,0.002703252032520323,0.00010569105691057845
football,0.9038768115942029,0.9038768115942029,0.7724637681159421,SASB_better,-0.000269522661181687,0.0,0.13141304347826077
inf_power,0.534521520609863,0.6294677190852055,0.39554661674424874,SASB_worse,0.0002401709906959762,-0.09494619847534247,0.13897490386561429
rt_twitter_copen,0.8593188786684189,0.930853044240035,0.8597623740692071,SASB_worse,0.000361398548531483,-0.07153416557161607,-0.00044349540078814087
soc_wiki_vote,1.0,1.0,0.9982845894263219,SASB_better,-0.0018312741792657075,0.0,0.0017154105736780778
