method,normalized_auc,runtime_seconds,speedup_vs_m5,mean_k,mean_sample_sources,bridge_core_adaptive_step_ratio
Adaptive-SASB,0.6614450339407902,30.531326899999996,11.501981725232183,48.0,45.35520833333334,0.5
SASB-k32,0.6699478830142344,26.840682487499993,12.801453704827102,32.0,31.675,0.0
SASB-k64,0.6255406747258853,26.144512475,12.166372299264399,64.0,60.80625,0.0
