outcome_class,graphs,auc_diff_mean,n_mean,m_mean,average_degree_mean,degree_cv_mean,clustering_coefficient_mean,modularity_mean,num_communities_mean,bridge_ratio_mean,core2_size_ratio_mean,average_edge_embeddedness_mean,inter_community_edge_ratio_mean
SASB better than M5,7,-0.006144826930753599,500.42857142857144,2243.1428571428573,9.729883022822376,0.795607965409255,0.37059487335673724,0.5692957858918006,10.142857142857142,0.030677385838738847,0.9029223297314503,0.44792387593464156,0.20105779289691292
SASB worse than M5,16,0.024863248034305414,970.5625,2340.9375,13.298517667013746,1.178243103116828,0.3896207144488984,0.5782188009105357,20.125,0.17750771927401113,0.7332214274192952,0.47439027762893804,0.1695678043767726
tie / close,1,0.0,96.0,117.0,2.4375,1.0539885943622933,0.060749962863933464,0.6793045510994229,8.0,0.5299145299145299,0.3541666666666667,0.12433862433862433,0.1794871794871795
